grid	pmtiles_bytes	sha256	west	south	east	north
HP	103739	03da43cec865998030195b2256621a4a7300628f458fd7a279a20e63ccb466df	-1.0742197	60.668027	-0.7626008	60.8276974
HT	23826	9497ae3892f1043c7d9578b31414a64cadce9a6d2df4c16d735dd2675afa6b27	-2.0778772	60.118249	-2.0470542	60.1555933
HU	1003768	312d97558d6c67003220344cefd08ce5f66d37e9a211aad0958679ff6e752b84	-1.6927527	59.8541049	-0.7493434	60.679325
HY	850646	ab38e4711ce40a22f1f40e862beb9ef67e59a97aae69753ca8dfa0e92e211923	-3.3861127	58.8789936	-2.3768311	59.3897885
HZ	25804	01e18e0952d5cec28e65fb6c4f05b65d34ea74db00be75c8e26145f63a4a8c5c	-1.652552	59.5137056	-1.6035992	59.5519011
NA	27124	2136cb5309d404fa6a4de89c2072b9c0440bb304c8de816c2c49e0c37d50de4a	-8.5861674	57.8103971	-7.0638268	58.1513068
NB	720073	13d8bde05fd34a44919539e2e8b91fd3ef47ee386ee9d7ee1c50bbffb09098d0	-7.1003625	57.8977945	-5.3828515	58.5152887
NC	1452197	f440be6b76c042bd40a7f3832b7c95c1378eebf7277c6d17e7c53f61debe0ba5	-5.4026208	57.9417127	-3.6495571	58.6254205
ND	1060466	6fdb511bca6b4c3cfe6408d6daa99f84ef5aadc2adea8ace597c6d902e5fbd0e	-3.7200653	58.0972163	-2.830781	58.884583
NF	425707	3015517a783429d594bdd1420a71bad6b0b96eded6121174e6a5df4d650a8741	-8.5838121	56.9660325	-7.0268361	57.8251695
NG	1645852	bd4c7188be8a360a7c50652b78a8932cdb72646943a58110c422c183f45f49f1	-7.0438114	56.9779714	-5.2643446	57.9130235
NH	5047761	10a4da62e7b7f43394b32cbf2055803fe762ba45f769b5786b8b3aec56bca39c	-5.3741917	57.0271657	-3.638002	57.9738846
NJ	7375111	dbb6edb36457fe4bda96234d78bd820279b9aad74972d0443cecd6219a90129a	-3.6763344	57.0627623	-1.9774804	57.7245387
NK	540056	e0ea427146a9b2af9988e83efc7bdd8d0a7100507d1532eb011919d4269c4ea8	-2.00167	57.3133596	-1.76808	57.6898074
NL	87128	978aba594da01a3e05cbf12c97fd4b05ab069ad545e75684c167554b4b5eb71e	-7.5534588	56.4454233	-6.8624708	56.9714154
NM	1902321	220208167123471cd1efc0f9691ed57dd0c3c7bd43463021ed213ea241a03c32	-6.8751053	56.1346739	-5.1881303	57.0362129
NN	4285841	7fb51d1189d6ab30c4c9f6233621c9f5145325c61f985db0ad3f497561194155	-5.280465	56.1306534	-3.5468729	57.0750684
NO	7191070	d3950cf3ed819de65c68df24aea8f13ae570b431b7a1a5ece85abb305bd89d1a	-3.6319163	56.1710549	-2.0874462	57.0908419
NR	1748834	d6b4382beebdf7c3bd792323bc0409e8ed4bf0300505488d44fbdcc15aaef9fa	-6.5206289	55.3005044	-5.1386206	56.145406
NS	15401520	7fa390bc4ffe2f5854bf458c480b7a9bd9e9b020e1486f8b9b2b98e3d9ba6412	-5.2149753	55.2540289	-3.5256428	56.1820967
NT	9645557	27264cd87ace9612c7400e32ad7801e3e8e68c879e71c001e2e3b46955ec6ace	-3.6110513	55.2249396	-1.9743513	56.1899109
NU	1060574	326c5be061c199da099a26a4f245f5971098fd00e40254d807fdfcaba87bad5d	-2.0015783	55.2831914	-1.5502519	55.7810365
NW	68536	0bba38b3e23ef1571ac133ea37727f78a0195e47cf588d6737957f1004884d98	-5.1798807	54.8388433	-5.1085839	55.0072884
NX	4411759	d7886ef677a54a594da811eed010d4a8d70fe144f65e8cd285e24aa554210303	-5.1257848	54.4393379	-3.5335681	55.2815911
NY	8079943	fa1ebf6843a3a81a826d92b7ceaa71a5c7d255a5dff9d15bb7749c4fcd5d813f	-3.5741553	54.3331628	-1.9519336	55.2939211
NZ	14012433	06a46c77c70bc746fd9932828cca7332cd2bf93d8744c75fa11db817ce7e4168	-2.0014942	54.3627515	-0.4640144	55.2938808
SD	18164841	ff282ce65a984d417674f7c63e5d05a4b0e5737193edafd4f2dbe7fa834fce47	-3.4685601	53.4856963	-1.9542379	54.3949174
SE	20501073	e7a85c7d4d4633ad87119c43f78fe44d5bdd20dbf3c249b1da5e95624276cba6	-2.0014735	53.4763688	-0.4216338	54.3952877
SH	6024491	312e5367f876c9c9c137a0a988dd9bb895b3b4f7622990b39d0e1237e8ad20a0	-4.7605655	52.5678389	-3.4620007	53.4246861
SJ	26306187	9be3639b032d0fa7c4b4fbf1966bcdf6fb94c5ae254a93c38a4697099f8b2da9	-3.5025498	52.5782763	-1.8992179	53.4966857
SK	22373354	750cf70907f1dd93dbc671fa92d0859db3043c62c4ed4ca5bdb0413f820c75c6	-2.0014315	52.4547311	-0.4773529	53.4964191
SM	1090419	df5d7eeb94a9a51128461c6ac78d57f14f79fbe8ffa4afb071d38b50c60e61d3	-5.308013	51.6493644	-4.8792112	52.0301526
SN	8472465	2b55fad1fbe1698f435bd1da9043f448e4c92508ab81639b9fd7af6f75eb5577	-4.9130281	51.6556014	-3.4305466	52.5872122
SO	17349730	f83966a43a34b47962d2f16f4937101eacc1ba38d0dd3d1988e893c770c8e424	-3.4739051	51.6037009	-1.9548506	52.5977906
SP	22628510	19baaf2809edbaed0fdef38e8701a8d9efea7b6b6bf153a56764a63fbf365782	-2.0042409	51.6726721	-0.5062539	52.5978076
SR	91660	4298c5c38747e97565c7d0e2f14cefe0748dd57f0514226cf33752e2e9965a4a	-5.0533456	51.5966394	-4.8865235	51.6620051
SS	7376992	97450b08cf6e1871c41584198ceb2e49a22ebf28f8cbe96b667116b3a3ecac47	-4.8911819	50.7329068	-3.3633868	51.6891549
ST	19238231	83cb304ba1a4410eefe992b8a6ce08ab829ccf7603619fdad41cac3a58dbb35d	-3.4471405	50.7694973	-1.8598459	51.6985587
SU	21964608	0bf4fc402cc6b884fa65b01ac35fac704bcf608982659bfe670950aa29c0917c	-2.0013778	50.777968	-0.5442494	51.6986746
SV	60102	39d178b7866847153c20ae0224c5c74315a73bc3e4b1290370aa4e4a154679ae	-6.3587997	49.8909058	-6.2753702	49.9663855
SW	3790573	b7cf11ca3000b3e47bb5e574a2c92528f57ae195d21e7a4fc74081aafda0a193	-5.7151389	49.9589323	-4.7906643	50.5952618
SX	8637543	d65c21fbcacad4b256e408ae0f000430576719dfce6d0a435ea2c6aebcd5be8c	-4.8267849	50.2053863	-3.3379609	50.7908329
SY	2728831	532c40a612a0d5581710fe550892c5b8ed1d04cae34d08f4d8e61861cfaab864	-3.4181578	50.5145628	-1.9791886	50.7995094
SZ	3045083	a1dcf02c9e004dba74e8f4cc61363ba70e711a452539eba993dff3057a0fbdb0	-2.0013429	50.5763315	-0.6128942	50.7995342
TA	4272783	f507b5962726cc2e61e095d1ef3f6f8ce11c3b36ad8b0d985d01aa32a2e672a2	-0.4926368	53.4615184	0.1461991	54.3698511
TF	8486004	32c9ea129f4d3290a1776346184f5a66348809b5325b256f2a4764fbbb482acc	-0.5241188	52.5545591	0.9820746	53.4858694
TG	3842588	19f02aea9dc2ebd2c445dbe9ace57da4edd43ed2ba071966666ee1e66251a2f2	0.9502252	52.5367077	1.739469	52.9651859
TL	18248162	b60dc5b7f435b6101b247e8cc3899ce0372187ba20e4b469d7df3e5ea7f4b055	-0.5538007	51.6306639	0.9706019	52.5878772
TM	6311697	67f7313007688c5ec9e25371df468c2634fdb836e72777dc77d2125515702a3a	0.8933189	51.6587146	1.7623359	52.5585911
TQ	34221508	21eb702841628f5ffd1a03c152a8eec0251581bf7ad025b9b90be6e399e9c144	-0.5815611	50.7702348	0.8937974	51.689067
TR	3281173	cd997145e977fec8a01bcffe04491404a941be7a6594a8c01bedfe8d5808d6d0	0.8491789	50.9113914	1.4493549	51.6616754
TV	187323	3e439f9303c40cdd5bfcde330ffb9dd6186110bb75f8a04d4073e35cf30587c4	0.077289	50.7368558	0.3018155	50.7809233
